Title,Price,Date
"
                   Funny Got Data MIS Data Systems Business Analyst T-Shirt
                  ",16.99,2024-08-11
"
                   Funny Got Data MIS Data Systems Business Analyst T-Shirt
                  ",16.99,2024-08-11
"
                   Funny Got Data MIS Data Systems Business Analyst T-Shirt
                  ",16.99,2024-08-11
Funny Got Data MIS Data Systems Business Analyst T-Shirt,16.99,2024-08-11
Funny Got Data MIS Data Systems Business Analyst T-Shirt,16.99,2024-08-11
Funny Got Data MIS Data Systems Business Analyst T-Shirt,16.99,2024-08-11
Funny Got Data MIS Data Systems Business Analyst T-Shirt,16.99,2024-08-11
Funny Got Data MIS Data Systems Business Analyst T-Shirt,16.99,2024-08-11
Funny Got Data MIS Data Systems Business Analyst T-Shirt,16.99,2024-08-11
Funny Got Data MIS Data Systems Business Analyst T-Shirt,16.99,2024-08-11
Funny Got Data MIS Data Systems Business Analyst T-Shirt,16.99,2024-08-11
Funny Got Data MIS Data Systems Business Analyst T-Shirt,16.99,2024-08-12
Funny Got Data MIS Data Systems Business Analyst T-Shirt,16.99,2024-08-12
Funny Got Data MIS Data Systems Business Analyst T-Shirt,16.99,2024-08-12
Funny Got Data MIS Data Systems Business Analyst T-Shirt,16.99,2024-08-12
Funny Got Data MIS Data Systems Business Analyst T-Shirt,16.99,2024-08-12
Funny Got Data MIS Data Systems Business Analyst T-Shirt,16.99,2024-08-12
Funny Got Data MIS Data Systems Business Analyst T-Shirt,16.99,2024-08-12
Funny Got Data MIS Data Systems Business Analyst T-Shirt,16.99,2024-08-12
